Company,Job Title,Posted,Link
Dalus,Dalus (YC W25) Is Hiring a Senior Software Engineer in Germany,1 day ago,https://www.ycombinator.com/companies/dalus/jobs/5IDmKJt-senior-software-frontend-engineer-germany-office
Hazel,Hazel (YC W24) Is Hiring a Full Stack Engineer,3 days ago,https://www.ycombinator.com/companies/hazel-2/jobs/3epPWgu-full-stack-engineer-ts-sci
Emerge Career,Emerge Career (YC S22) Is Hiring a Founding Growth Marketer,6 days ago,https://www.ycombinator.com/companies/emerge-career/jobs/v0S1AEG-founding-growth-marketer
GoGoGrandparent,GoGoGrandparent (YC S16) is hiring Back end Engineers,7 days ago,https://www.ycombinator.com/companies/gogograndparent/jobs/2vbzAw8-backend-engineer
Proliferate,Proliferate (YC S25) is hiring to building open source Codex,8 days ago,https://www.ycombinator.com/companies/proliferate/jobs/L3copvK-founding-engineer
9 Mothers,9 Mothers (YC P26) Is Hiring,8 days ago,https://9mothers.com/careers
Mbodi AI,Mbodi AI (YC P25) Is Hiring Founding Machine Learning Engineer (Robotics),9 days ago,https://www.ycombinator.com/companies/mbodi-ai/jobs/WYAcNkX-founding-machine-learning-engineer
Nango,"Nango (YC W23, dev infra) is hiring staff back end engineers",10 days ago,https://nango.dev/careers
Zettascale,Zettascale (YC S24) Is Hiring Founding FPGA Engineers,11 days ago,https://www.ycombinator.com/companies/zettascale/jobs/O9S1vqO-founding-engineer-fpga-rtl-asic-architect
AccessOwl,AccessOwl (YC S22) is hiring an AI TypeScript Engineer to connect 300 SaaS tools,11 days ago,https://www.ycombinator.com/companies/accessowl/jobs/hfWAhVp-ai-enabled-senior-software-engineer-typescript-focus
Skyvern,Skyvern (YC S23) Is Hiring Open-Source Loving DevRel Engineers,12 days ago,https://www.ycombinator.com/companies/skyvern/jobs/1qRTlVx-founding-developer-marketing-open-source-ai
Piramidal,Piramidal (YC W24) – Software Engineers – NYC Onsite,12 days ago,item?id=48382853
Great Question,Great Question (YC W21) Is Hiring Applied AI Interns,13 days ago,https://www.ycombinator.com/companies/great-question/jobs/J5TNvQH-ai-engineer-intern
Telli,"Telli (YC F24) is hiring in engineering, design, and GTM [Berlin, on-site]",16 days ago,https://hi.telli.com/join-us
Cedana,Cedana (YC S23) Is Hiring,17 days ago,https://www.ycombinator.com/companies/cedana/jobs/d1vYocG-forward-deployed-engineer-ai-hpc
RamAIn,RamAIn (YC W26) Is Hiring,19 days ago,https://www.ycombinator.com/companies/ramain/jobs/hqvmyKN-founding-gtm-engineer
Pelica,Pelica (YC P25) Is Hiring,19 days ago,https://www.ycombinator.com/companies/pelica/jobs/MDeC49o-machine-learning-engineer
Reflex,"Reflex (YC W23) Is Hiring SWEs, Growth, and GTM Roles",19 days ago,https://www.ycombinator.com/companies/reflex/jobs
Sage Care,Sage Care (YC S24) Is Hiring Software Engineers,20 days ago,https://www.ycombinator.com/companies/sagecare/jobs/xtloH8r-senior-software-engineer
Weave,"Weave (YC W25) is hiring ML, AI, product, & design engineers",21 days ago,https://jobs.ashbyhq.com/workweave
RentFlow,RentFlow (YC S24) Is Hiring,21 days ago,https://www.ycombinator.com/companies/rentflow/jobs/V2yneIE-senior-ai-ml-lead
Hive,Hive (YC S14) is hiring sr back-end developers (CA/US remote OK),21 days ago,https://jobs.ashbyhq.com/hive.co/538c47f9-d008-49b7-b0d4-583d9294a481
Flick,Flick (YC F25) Is Hiring Front End Engineer to Build Figma for AI Filmmaking,22 days ago,https://www.ycombinator.com/companies/flick/jobs/Tdu6FH6-senior-frontend-engineer
Circle Medical,Circle Medical (YC S15) Is Hiring a Mobile Engineer,24 days ago,https://www.ycombinator.com/companies/circle-medical/jobs/onMKAG9-mobile-engineer-android
ParadeDB,ParadeDB (YC S23) Is Hiring Distributed Systems/Platform Engineers,25 days ago,item?id=48225852
Cekura,Cekura (YC F24) Is Hiring,25 days ago,https://www.ycombinator.com/companies/cekura-ai/jobs/AiWwUxI-forward-deployed-engineer-us
Typewise,Typewise (YC S22) Is Hiring an AI Growth Engineer (Zurich or Remote),26 days ago,https://www.ycombinator.com/companies/typewise/jobs/HmCzfBK-ai-growth-engineer
Kyber,Kyber (YC W23) Is Hiring a Founding Marketer,30 days ago,https://www.ycombinator.com/companies/kyber/jobs/1rLQAro-founding-marketer-content-community
Hightouch,Hightouch (YC S19) Is Hiring,31 days ago,https://hightouch.com/careers
SigNoz,"SigNoz (YC W21, open source Datadog) Is hiring for growth and engineering roles",31 days ago,https://signoz.io/careers
